1694115415.3039284,-6179.0,-17307.0
1694115415.318141,-3291.0,-17212.0
1694115415.3326888,-3594.0,-17041.0
1694115415.3466167,-9440.0,-16965.0
1694115415.361789,-8503.0,-16942.0
1694115415.3757572,-6373.0,-17103.0
1694115415.3908782,-5344.0,-16730.0
1694115415.4047117,-3732.0,-16753.0
1694115415.4189367,-3273.0,-16822.0
1694115415.432662,-3144.0,-16801.0
1694115415.4467695,-2354.0,-16904.0
1694115415.4607744,-2260.0,-17171.0
1694115415.4750173,-1956.0,-17616.0
1694115415.4887497,-1521.0,-18075.0
1694115415.5028613,-1077.0,-18321.0
1694115415.517323,-983.0,-19325.0
1694115415.530973,-952.0,-20658.0
1694115415.545621,-754.0,-20967.0
1694115415.5599241,-683.0,-23951.0
1694115415.5740771,-719.0,-22564.0
1694115415.5881267,-1091.0,-14983.0
1694115415.602151,-764.0,-16171.0
1694115415.6156192,-342.0,-19779.0
1694115415.629998,-421.0,-21696.0
1694115415.6433136,-662.0,-23339.0
1694115415.6580892,-592.0,-24812.0
1694115415.6730509,-700.0,-25567.0
1694115415.6870053,-449.0,-25582.0
1694115415.7011576,-370.0,-26161.0
1694115415.715918,-224.0,-25559.0
1694115415.7299242,-525.0,-25832.0
1694115415.7441106,-683.0,-27057.0
1694115415.758652,-315.0,-27531.0
1694115415.7738187,-400.0,-27619.0
1694115415.787746,-495.0,-27875.0
1694115415.8027048,-108.0,-27943.0
1694115415.8163352,-133.0,-28004.0
1694115415.8306124,-396.0,-27975.0
1694115415.8447666,-574.0,-27970.0
1694115415.8589113,101.0,-28187.0
1694115415.8738685,-262.0,-28314.0
1694115415.8883474,-299.0,-28081.0
1694115415.9025693,171.0,-28040.0
1694115415.9162061,65.0,-28092.0
1694115415.9300442,86.0,-28117.0
1694115415.9449825,6.0,-28088.0
1694115415.958975,172.0,-28182.0
1694115415.9733498,138.0,-28054.0
1694115415.9873326,104.0,-28086.0
1694115416.0019293,127.0,-28017.0
1694115416.0159652,106.0,-28009.0
1694115416.0297906,162.0,-28003.0
1694115416.0439932,216.0,-28014.0
1694115416.0580535,162.0,-28008.0
1694115416.0711908,174.0,-28012.0
1694115416.0858393,68.0,-27926.0
1694115416.100071,322.0,-27869.0
1694115416.1143196,120.0,-27891.0
1694115416.1285744,133.0,-27770.0
1694115416.1427324,146.0,-27687.0
1694115416.156531,-236.0,-27501.0
1694115416.170613,88.0,-27422.0
1694115416.1840386,38.0,-27135.0
1694115416.1986723,-129.0,-26738.0
1694115416.21215,-300.0,-26104.0
1694115416.2268708,-279.0,-25757.0
1694115416.2410839,-303.0,-25302.0
1694115416.2563293,-270.0,-24147.0
1694115416.2711978,-185.0,-23380.0
1694115416.2856302,-197.0,-21817.0
1694115416.3001723,-253.0,-18909.0
1694115416.315642,-303.0,-15394.0
1694115416.3300526,-204.0,-18271.0
1694115416.3456306,-264.0,-27088.0
1694115416.360601,-254.0,-23114.0
1694115416.3755624,-209.0,-21108.0
1694115416.3899992,-264.0,-19521.0
1694115416.4042552,214.0,-18123.0
1694115416.419037,-53.0,-17300.0
1694115416.433618,-200.0,-16420.0
1694115416.4484465,339.0,-16457.0
1694115416.4619906,79.0,-16232.0
1694115416.4766736,453.0,-16099.0
1694115416.4909112,325.0,-15756.0
1694115416.5051608,237.0,-15431.0
1694115416.5201082,136.0,-15206.0
1694115416.5346262,-74.0,-15035.0
1694115416.5492067,-128.0,-14939.0
1694115416.5640268,-838.0,-14859.0
1694115416.578498,-1175.0,-14798.0
1694115416.5936732,-1113.0,-14618.0
1694115416.6076355,-1474.0,-14591.0
1694115416.6227267,-2001.0,-14553.0
1694115416.6366475,-3093.0,-14548.0
1694115416.6514165,-4073.0,-14775.0
1694115416.665916,-7015.0,-14547.0
1694115416.6806598,-6023.0,-14696.0
1694115416.6963074,-2046.0,-14600.0
1694115416.7102304,-1099.0,-14585.0
1694115416.725086,-4516.0,-14551.0
1694115416.7390163,-6834.0,-14606.0
1694115416.7528098,-8534.0,-14628.0
1694115416.7674701,-9521.0,-14643.0
1694115416.7811959,-10338.0,-14462.0
1694115416.7957814,-10661.0,-14546.0
1694115416.8098824,-10583.0,-14539.0
1694115416.8242996,-10946.0,-14501.0
1694115416.8387089,-11494.0,-14528.0
1694115416.8529086,-11938.0,-14708.0
1694115416.867042,-12536.0,-14509.0
1694115416.8813457,-12256.0,-14542.0
1694115416.8956754,-12467.0,-14589.0
1694115416.910167,-12545.0,-14512.0
1694115416.9241726,-12453.0,-14592.0
1694115416.937998,-12798.0,-14723.0
1694115416.9517982,-13032.0,-14757.0
1694115416.9664218,-13038.0,-14502.0
1694115416.9806828,-12744.0,-14726.0
1694115416.9950504,-12889.0,-14665.0
1694115417.009754,-13004.0,-14723.0
1694115417.0237186,-12968.0,-14594.0
1694115417.0377395,-12789.0,-14587.0
1694115417.0517008,-13177.0,-14556.0
1694115417.0656297,-13043.0,-14537.0
1694115417.079921,-13201.0,-14561.0
1694115417.09409,-12994.0,-14557.0
1694115417.1089149,-13432.0,-14586.0
1694115417.1308439,-13496.0,-14545.0
1694115417.1447597,-13463.0,-14677.0
1694115417.158567,-13015.0,-14816.0
1694115417.1729076,-12938.0,-14670.0
1694115417.186877,-13431.0,-14451.0
1694115417.2018335,-13307.0,-14580.0
1694115417.2164845,-13311.0,-14373.0
1694115417.2303064,-13031.0,-14562.0
1694115417.2437336,-13366.0,-14509.0
1694115417.2585528,-12742.0,-14756.0
1694115417.2726784,-13080.0,-14666.0
1694115417.2870777,-12517.0,-14723.0
1694115417.3011322,-12504.0,-14710.0
1694115417.3156323,-11628.0,-14731.0
1694115417.3312821,-11229.0,-14719.0
1694115417.3455346,-11154.0,-14607.0
1694115417.3613415,-10217.0,-14692.0
1694115417.3755522,-8635.0,-14750.0
1694115417.3907044,-6853.0,-14687.0
1694115417.405843,-4688.0,-14690.0
1694115417.420243,-1879.0,-14625.0
1694115417.4356508,-3573.0,-14717.0
1694115417.4500194,-8557.0,-14746.0
1694115417.4646196,-6691.0,-14614.0
1694115417.4796357,-5461.0,-14650.0
1694115417.4945557,-3825.0,-14570.0
1694115417.509734,-3078.0,-15058.0
1694115417.5242636,-3016.0,-15047.0
1694115417.5389764,-1490.0,-15411.0
1694115417.5541022,-2454.0,-15506.0
1694115417.5686727,-2464.0,-15727.0
1694115417.5836997,-1016.0,-16436.0
1694115417.5984967,-711.0,-16806.0
1694115417.6141028,-1133.0,-17317.0
1694115417.6284683,-435.0,-19108.0
1694115417.6427407,-796.0,-19295.0
1694115417.658515,-267.0,-21733.0
1694115417.6722097,472.0,-21792.0
1694115417.6869752,-1093.0,-14823.0
1694115417.7025309,-912.0,-14132.0
1694115417.7166462,-425.0,-18423.0
1694115417.7315364,190.0,-20203.0
1694115417.7464345,-46.0,-21860.0
1694115417.7610037,-152.0,-23439.0
1694115417.7765565,-94.0,-24069.0
1694115417.7906928,-99.0,-24395.0
1694115417.8059003,-57.0,-24917.0
1694115417.8207767,-671.0,-24373.0
1694115417.8349638,-706.0,-25071.0
1694115417.8501565,-3.0,-26479.0
1694115417.8645983,-35.0,-26517.0
1694115417.8803277,-613.0,-26601.0
1694115417.8945637,-459.0,-27390.0
1694115417.9088202,73.0,-27379.0
1694115417.923866,-707.0,-26986.0
1694115417.938463,126.0,-27012.0
1694115417.9528358,-734.0,-27826.0
1694115417.9670103,216.0,-27086.0
1694115417.981339,-151.0,-27136.0
1694115417.9958186,-602.0,-27691.0
1694115418.0102942,89.0,-27369.0
1694115418.024193,315.0,-27274.0
1694115418.0396523,-11.0,-27226.0
1694115418.054098,-202.0,-27479.0
1694115418.0686817,52.0,-27335.0
1694115418.083047,-234.0,-27384.0
1694115418.098498,-790.0,-27627.0
1694115418.1123767,-726.0,-27525.0
1694115418.1269825,-213.0,-27760.0
1694115418.1416595,-246.0,-27808.0
1694115418.1564062,-839.0,-27268.0
1694115418.1709595,23.0,-27654.0
1694115418.185626,-415.0,-27667.0
1694115418.1996338,81.0,-27144.0
1694115418.2140987,117.0,-27415.0
1694115418.2284615,163.0,-27433.0
1694115418.2423913,-491.0,-27251.0
1694115418.2573264,-650.0,-26953.0
1694115418.2723875,-189.0,-26784.0
1694115418.2865856,-243.0,-26499.0
1694115418.3018093,-286.0,-25976.0
1694115418.3163524,-334.0,-25181.0
1694115418.331014,-400.0,-24954.0
1694115418.345738,-664.0,-23978.0
1694115418.360487,-929.0,-23106.0
1694115418.376524,-1008.0,-21585.0
1694115418.3914528,-800.0,-19826.0
1694115418.406254,-758.0,-15819.0
1694115418.420304,-592.0,-15737.0
1694115418.435681,-488.0,-25549.0
1694115418.4501748,-574.0,-23715.0
1694115418.4657016,-549.0,-20983.0
1694115418.4806936,-541.0,-19560.0
1694115418.4956968,-522.0,-17964.0
1694115418.5101407,-338.0,-16933.0
1694115418.5243993,-341.0,-16237.0
1694115418.5402124,-375.0,-16010.0
1694115418.555096,-259.0,-15681.0
1694115418.5690632,-362.0,-15723.0
1694115418.5844724,-284.0,-15549.0
1694115418.5996957,-279.0,-14996.0
1694115418.6147432,-204.0,-14820.0
1694115418.6296613,-435.0,-14701.0
1694115418.6442225,-539.0,-14444.0
1694115418.6585376,-1157.0,-14498.0
1694115418.674102,-1152.0,-14759.0
1694115418.6885407,-2156.0,-14323.0
1694115418.7040539,-2608.0,-14615.0
1694115418.7181091,-2087.0,-14772.0
1694115418.7332122,-3185.0,-14248.0
1694115418.748466,-4703.0,-14467.0
1694115418.763065,-4821.0,-14272.0
1694115418.7773893,-7663.0,-14290.0
1694115418.7922256,-4618.0,-14361.0
1694115418.8068557,-848.0,-14293.0
1694115418.822026,-3164.0,-14340.0
1694115418.8367083,-6192.0,-14561.0
1694115418.8511398,-8420.0,-14332.0
1694115418.8652918,-10163.0,-14483.0
1694115418.8796887,-10580.0,-14350.0
1694115418.8952987,-10978.0,-14319.0
1694115418.9101348,-11373.0,-14445.0
1694115418.9252293,-11323.0,-14594.0
1694115418.9395,-11766.0,-14567.0
1694115418.9541018,-12219.0,-14309.0
1694115418.9684653,-12749.0,-14309.0
1694115418.9824157,-12717.0,-14313.0
1694115418.9960108,-12981.0,-14297.0
1694115419.0104356,-13094.0,-14306.0
1694115419.024712,-12994.0,-14399.0
1694115419.0395145,-13182.0,-14256.0
1694115419.0534637,-13210.0,-14261.0
1694115419.0685053,-13381.0,-14269.0
1694115419.0827556,-13382.0,-14381.0
1694115419.0971026,-13598.0,-14298.0
1694115419.1120973,-13430.0,-14332.0
1694115419.1260295,-13556.0,-14362.0
1694115419.1406574,-13608.0,-14354.0
1694115419.1552866,-13567.0,-14236.0
1694115419.1702003,-13688.0,-14306.0
1694115419.184692,-13711.0,-14350.0
1694115419.1989567,-13725.0,-14363.0
1694115419.213926,-13620.0,-14436.0
1694115419.228469,-13576.0,-14414.0
1694115419.242634,-13727.0,-14441.0
1694115419.2567484,-13807.0,-14463.0
1694115419.2716289,-13767.0,-14627.0
1694115419.2867417,-13757.0,-14362.0
1694115419.3009655,-13791.0,-14401.0
1694115419.3151085,-13735.0,-14227.0
1694115419.3297145,-13740.0,-14377.0
1694115419.3442702,-13716.0,-14386.0
1694115419.358853,-13544.0,-14541.0
1694115419.3738263,-13546.0,-14614.0
1694115419.387794,-13362.0,-14627.0
1694115419.4025762,-12888.0,-14713.0
1694115419.4169507,-12499.0,-14626.0
1694115419.4309132,-11974.0,-14667.0
1694115419.4449718,-11923.0,-14590.0
1694115419.4589443,-11277.0,-14681.0
1694115419.4730933,-9603.0,-14664.0
1694115419.4873447,-8097.0,-14589.0
1694115419.5013256,-6609.0,-14585.0
1694115419.515651,-3490.0,-14639.0
1694115419.5296164,-1824.0,-14531.0
1694115419.5435717,-6477.0,-14504.0
1694115419.5577698,-8840.0,-14550.0
1694115419.5720675,-6666.0,-14641.0
1694115419.5863886,-5344.0,-14660.0
1694115419.6002362,-4634.0,-14574.0
1694115419.614225,-3564.0,-14537.0
1694115419.6296635,-2958.0,-14697.0
1694115419.6442738,-2846.0,-14867.0
1694115419.658673,-2374.0,-15239.0
1694115419.6741202,-2101.0,-15577.0
1694115419.6886463,-2033.0,-15867.0
1694115419.703792,-1129.0,-16654.0
1694115419.7185118,-1373.0,-17424.0
1694115419.7335167,-1502.0,-18560.0
1694115419.7485237,-800.0,-18785.0
1694115419.7624924,-787.0,-21336.0
1694115419.7764547,-822.0,-22048.0
1694115419.7905998,-784.0,-15870.0
1694115419.803954,-979.0,-13961.0
1694115419.8187072,-1403.0,-18221.0
1694115419.833096,-1330.0,-19825.0
1694115419.8470502,-913.0,-21649.0
1694115419.8615146,-740.0,-23561.0
1694115419.8754811,-1129.0,-24830.0
1694115419.8912215,-1670.0,-24413.0
1694115419.9052317,-634.0,-24765.0
1694115419.9212182,-1291.0,-25397.0
1694115419.936175,-529.0,-24750.0
1694115419.9502182,-385.0,-26326.0
1694115419.9647303,-1528.0,-26450.0
1694115419.9800534,-1604.0,-26587.0
1694115419.9942472,-1010.0,-27328.0
1694115420.0088704,-1679.0,-27514.0
1694115420.0228648,-1064.0,-27036.0
1694115420.0367966,-833.0,-27157.0
1694115420.0507882,-909.0,-27135.0
1694115420.0647528,-777.0,-27209.0
1694115420.0793116,-869.0,-27362.0
1694115420.0936096,-890.0,-27370.0
1694115420.1078684,-1241.0,-27666.0
1694115420.1220737,-985.0,-27332.0
1694115420.135647,-935.0,-27382.0
1694115420.1501791,-692.0,-27458.0
1694115420.1646395,-781.0,-27507.0
1694115420.1870568,-916.0,-27433.0
1694115420.2010279,-720.0,-27484.0
1694115420.2158847,-880.0,-27548.0
1694115420.229861,-811.0,-27616.0
1694115420.2439027,-849.0,-27384.0
1694115420.2580285,-1261.0,-27613.0
1694115420.2721543,-1130.0,-27752.0
1694115420.2868428,-1367.0,-27868.0
1694115420.3022602,-742.0,-27658.0
1694115420.3166347,-874.0,-27356.0
1694115420.3326445,-891.0,-27401.0
1694115420.3466673,-771.0,-27420.0
1694115420.3620603,-881.0,-27303.0
1694115420.376883,-1642.0,-27493.0
1694115420.3923311,-1830.0,-26901.0
1694115420.407515,-1223.0,-26296.0
1694115420.422632,-1989.0,-25600.0
1694115420.4376438,-1156.0,-25360.0
1694115420.4523501,-1048.0,-24627.0
1694115420.4675894,-2185.0,-23431.0
1694115420.482114,-639.0,-22065.0
1694115420.4972544,-1241.0,-19777.0
1694115420.5121531,-1094.0,-15852.0
1694115420.5268235,-1139.0,-16464.0
1694115420.5415459,-1169.0,-26332.0
1694115420.5573514,-1342.0,-23293.0
1694115420.5730634,-1454.0,-20965.0
1694115420.587025,-1423.0,-19640.0
1694115420.600989,-1011.0,-17763.0
1694115420.6155627,-1063.0,-17110.0
1694115420.6302433,-984.0,-16344.0
1694115420.6443472,-1190.0,-16096.0
1694115420.6585448,-924.0,-15875.0
1694115420.6727087,-1115.0,-15941.0
1694115420.687119,-666.0,-15875.0
1694115420.7013023,-1285.0,-15280.0
1694115420.715697,-769.0,-15179.0
1694115420.730217,-721.0,-15225.0
1694115420.7453809,-1713.0,-14759.0
1694115420.760157,-910.0,-14766.0
1694115420.774736,-1609.0,-14585.0
1694115420.790155,-2217.0,-14499.0
1694115420.8053167,-2514.0,-14532.0
1694115420.8201735,-2832.0,-14532.0
1694115420.8351476,-3498.0,-14471.0
1694115420.8500528,-4608.0,-14445.0
1694115420.8640094,-6002.0,-14579.0
1694115420.878666,-8694.0,-14517.0
1694115420.8932362,-5719.0,-14529.0
1694115420.907699,-1837.0,-14615.0
1694115420.9214973,-3562.0,-14523.0
1694115420.9358594,-6621.0,-14605.0
1694115420.9504726,-9298.0,-15010.0
1694115420.964895,-10932.0,-15198.0
1694115420.980035,-11802.0,-14709.0
1694115420.9943151,-11729.0,-15122.0
1694115421.0087316,-12596.0,-15100.0
1694115421.0233197,-11527.0,-14701.0
1694115421.0378458,-11938.0,-14916.0
1694115421.053025,-12566.0,-14565.0
1694115421.0678945,-13405.0,-14560.0
1694115421.0823965,-13550.0,-14653.0
1694115421.0970402,-13972.0,-14673.0
1694115421.1116571,-13939.0,-14742.0
1694115421.1268604,-13696.0,-14758.0
1694115421.141505,-14426.0,-14958.0
1694115421.1567068,-13933.0,-14797.0
1694115421.1709118,-13467.0,-14620.0
1694115421.1858637,-14361.0,-14639.0
1694115421.2010834,-14342.0,-14650.0
1694115421.215706,-14047.0,-14634.0
1694115421.2300982,-14387.0,-14810.0
1694115421.2448287,-14910.0,-14603.0
1694115421.2602324,-14288.0,-14662.0
1694115421.2743375,-14361.0,-14627.0
1694115421.2888997,-14816.0,-14620.0
1694115421.304076,-14175.0,-14778.0
1694115421.3188558,-14643.0,-14673.0
1694115421.3331656,-14387.0,-14659.0
1694115421.3486414,-14532.0,-14686.0
1694115421.3631032,-14353.0,-14793.0
1694115421.3774097,-14674.0,-14725.0
1694115421.3925633,-14400.0,-14724.0
1694115421.40683,-14803.0,-14648.0
1694115421.4213562,-14550.0,-14539.0
1694115421.435845,-14227.0,-14664.0
1694115421.451236,-14688.0,-14793.0
1694115421.4657185,-14274.0,-14837.0
1694115421.4800665,-14141.0,-14994.0
1694115421.494819,-13818.0,-14871.0
1694115421.510221,-13490.0,-14918.0
1694115421.5245855,-13629.0,-15151.0
1694115421.539445,-12683.0,-15274.0
1694115421.554169,-12851.0,-15275.0
1694115421.5685978,-12042.0,-15060.0
1694115421.583312,-9181.0,-15382.0
1694115421.598538,-8316.0,-15383.0
1694115421.6126382,-4806.0,-15076.0
1694115421.6279027,-2265.0,-14913.0
1694115421.6423655,-5813.0,-15141.0
1694115421.6572256,-10470.0,-14852.0
1694115421.6710832,-7182.0,-14970.0
1694115421.6858566,-6452.0,-15228.0
1694115421.7013278,-5106.0,-14733.0
1694115421.715731,-3810.0,-14883.0
1694115421.7308397,-3322.0,-14956.0
1694115421.74493,-3184.0,-15102.0
1694115421.758945,-3096.0,-15302.0
1694115421.7730875,-3079.0,-15558.0
1694115421.787359,-2178.0,-16032.0
1694115421.80214,-2080.0,-16558.0
1694115421.8177829,-2252.0,-17086.0
1694115421.832217,-2204.0,-18649.0
1694115421.84748,-1433.0,-19408.0
1694115421.8623254,-1810.0,-20424.0
1694115421.876572,-1504.0,-23325.0
1694115421.8923647,-1484.0,-18369.0
1694115421.907506,-1503.0,-13583.0
1694115421.9231825,-1505.0,-17406.0
1694115421.9381819,-1487.0,-20208.0
1694115421.9535837,-1491.0,-22077.0
1694115421.968494,-1567.0,-23659.0
1694115421.9835134,-1577.0,-24536.0
1694115421.9985461,-1332.0,-24681.0
1694115422.0130692,-1443.0,-25270.0
1694115422.0285025,-1444.0,-25122.0
1694115422.043249,-1538.0,-25107.0
1694115422.057186,-1496.0,-26495.0
1694115422.0726013,-1494.0,-26914.0
1694115422.0869315,-1737.0,-27055.0
1694115422.1017482,-1959.0,-27264.0
1694115422.1167486,-1728.0,-27432.0
1694115422.1325092,-1617.0,-27561.0
1694115422.146555,-2359.0,-27495.0
1694115422.1615942,-1375.0,-27798.0
1694115422.177379,-1730.0,-27665.0
1694115422.1912925,-1553.0,-27684.0
1694115422.2075756,-1836.0,-27876.0
1694115422.2219653,-1582.0,-27723.0
1694115422.2357738,-1527.0,-27779.0
1694115422.2499316,-1534.0,-27917.0
1694115422.2641687,-1496.0,-27798.0
1694115422.2784932,-1483.0,-27901.0
1694115422.2925866,-1478.0,-27822.0
1694115422.3067489,-1715.0,-27906.0
1694115422.322261,-1467.0,-27848.0
1694115422.3365328,-1490.0,-27850.0
1694115422.3521082,-1470.0,-27829.0
1694115422.3660996,-1636.0,-27807.0
1694115422.3816645,-1449.0,-27828.0
1694115422.3954232,-1438.0,-27806.0
1694115422.410721,-1575.0,-27774.0
1694115422.4262402,-1661.0,-27757.0
1694115422.4403377,-1519.0,-27885.0
1694115422.4561164,-1810.0,-27650.0
1694115422.4704363,-1532.0,-27528.0
1694115422.4856856,-1619.0,-27314.0
1694115422.5007684,-1796.0,-27020.0
1694115422.5157285,-1733.0,-26504.0
1694115422.530063,-1697.0,-25909.0
1694115422.5447307,-1825.0,-25610.0
1694115422.5602047,-1860.0,-24589.0
1694115422.5744698,-2086.0,-23693.0
1694115422.5901628,-1994.0,-22255.0
1694115422.604662,-1924.0,-20199.0
1694115422.6190915,-1880.0,-16482.0
1694115422.6346757,-2168.0,-16227.0
1694115422.6486917,-1836.0,-25983.0
1694115422.663574,-1907.0,-24496.0
1694115422.678417,-2015.0,-21837.0
1694115422.693355,-1873.0,-20790.0
1694115422.7078578,-1658.0,-18819.0
1694115422.723093,-1616.0,-17620.0
1694115422.737289,-1658.0,-16821.0
1694115422.7523608,-1531.0,-16731.0
1694115422.7670276,-1578.0,-16286.0
1694115422.7824209,-1420.0,-16306.0
1694115422.796669,-1861.0,-16168.0
1694115422.811511,-1484.0,-15735.0
1694115422.826773,-1441.0,-15448.0
1694115422.8420928,-1670.0,-15304.0
1694115422.8563542,-1826.0,-15238.0
1694115422.8716643,-1965.0,-15040.0
1694115422.8860703,-2307.0,-14956.0
1694115422.9015276,-3366.0,-14971.0
1694115422.915856,-3461.0,-15059.0
1694115422.930863,-3343.0,-14943.0
1694115422.9457107,-4274.0,-14850.0
1694115422.959588,-5376.0,-14912.0
1694115422.9740155,-7002.0,-14947.0
1694115422.98853,-9049.0,-14904.0
1694115423.0026965,-5801.0,-15099.0
1694115423.016551,-2242.0,-14950.0
1694115423.0312362,-5422.0,-14934.0
1694115423.0459094,-7928.0,-14989.0
1694115423.0617974,-9798.0,-15044.0
1694115423.076876,-11567.0,-15250.0
1694115423.0920265,-11864.0,-15086.0
1694115423.1071186,-12075.0,-14967.0
1694115423.1220152,-12628.0,-14894.0
1694115423.1370835,-13281.0,-14918.0
1694115423.1518855,-13445.0,-15033.0
1694115423.167025,-13829.0,-14871.0
1694115423.1818283,-13516.0,-14940.0
1694115423.1968617,-14895.0,-15521.0
1694115423.2118738,-14987.0,-15027.0
1694115423.2267318,-13856.0,-15078.0
1694115423.2418752,-15191.0,-15511.0
1694115423.2563288,-14631.0,-15079.0
1694115423.2785149,-14253.0,-14995.0
1694115423.2941537,-14508.0,-15207.0
1694115423.3085072,-15085.0,-15148.0
1694115423.3230999,-15482.0,-15049.0
1694115423.338551,-14599.0,-15292.0
1694115423.3534377,-14699.0,-15171.0
1694115423.3685555,-15520.0,-14969.0
1694115423.3836849,-15164.0,-15204.0
1694115423.3985548,-15255.0,-15171.0
1694115423.4127946,-15257.0,-15164.0
1694115423.4284742,-14857.0,-15197.0
1694115423.442368,-15514.0,-15257.0
1694115423.4583354,-15098.0,-15181.0
1694115423.473476,-14902.0,-15234.0
1694115423.4885037,-15086.0,-15373.0
1694115423.5027142,-14871.0,-14910.0
1694115423.5185564,-15110.0,-14870.0
1694115423.533083,-15445.0,-14868.0
1694115423.547415,-14815.0,-15096.0
1694115423.5624573,-15041.0,-15540.0
1694115423.576617,-14669.0,-15145.0
1694115423.5915763,-14875.0,-15232.0
1694115423.6055393,-14697.0,-15359.0
1694115423.6195486,-14377.0,-15577.0
1694115423.6331596,-14266.0,-15181.0
1694115423.6480176,-13034.0,-15285.0
1694115423.662312,-13356.0,-15577.0
1694115423.675785,-12727.0,-15426.0
1694115423.6903148,-10349.0,-15255.0
1694115423.705329,-8966.0,-15275.0
1694115423.7201881,-7490.0,-15338.0
1694115423.7343872,-4030.0,-15370.0
1694115423.7498798,-3891.0,-15506.0
1694115423.7642696,-10439.0,-15689.0
1694115423.7786884,-9705.0,-15281.0
1694115423.7941945,-6737.0,-15551.0
1694115423.8085473,-6435.0,-15693.0
1694115423.8235886,-5480.0,-15208.0
1694115423.8385608,-3820.0,-15315.0
1694115423.8527265,-4689.0,-15963.0
1694115423.8685668,-4693.0,-15673.0
1694115423.8831735,-3074.0,-16283.0
1694115423.897869,-3192.0,-16826.0
1694115423.9131458,-3079.0,-16966.0
1694115423.9271202,-2061.0,-17664.0
1694115423.942095,-2086.0,-18809.0
1694115423.9567003,-2146.0,-19405.0
1694115423.9715226,-2263.0,-20812.0
1694115423.9865587,-2340.0,-23480.0
1694115424.0016665,-2038.0,-18738.0
1694115424.0160623,-1864.0,-13740.0
1694115424.0313697,-1948.0,-17450.0
1694115424.0457385,-2262.0,-20214.0
1694115424.0604985,-2094.0,-22078.0
1694115424.0757384,-1852.0,-23426.0
1694115424.0903292,-1984.0,-24702.0
1694115424.1053529,-2166.0,-24878.0
1694115424.1201465,-1804.0,-25450.0
1694115424.135083,-2132.0,-25438.0
1694115424.149743,-2028.0,-25095.0
1694115424.164612,-2242.0,-26495.0
1694115424.1797068,-2158.0,-27056.0
1694115424.1944373,-2112.0,-27520.0
1694115424.2088773,-1931.0,-27555.0
1694115424.2235944,-2459.0,-27593.0
1694115424.2379055,-2067.0,-27632.0
1694115424.2513728,-2144.0,-27924.0
1694115424.2658966,-2061.0,-27841.0
1694115424.2802753,-2294.0,-27800.0
1694115424.2944734,-2149.0,-27833.0
1694115424.3090024,-2104.0,-27955.0
1694115424.3239694,-1829.0,-28116.0
1694115424.3390727,-1832.0,-28227.0
1694115424.3525167,-2266.0,-28435.0
1694115424.367473,-1822.0,-28166.0
1694115424.3815825,-1277.0,-28310.0
1694115424.3961887,-2538.0,-28335.0
1694115424.4108737,-2858.0,-28047.0
1694115424.4257479,-1983.0,-28049.0
1694115424.4403453,-2142.0,-28177.0
1694115424.4553394,-2310.0,-28164.0
1694115424.4703248,-2030.0,-28076.0
1694115424.4857445,-2309.0,-28063.0
1694115424.5003266,-2141.0,-28040.0
1694115424.5157568,-2090.0,-28197.0
1694115424.5307899,-2343.0,-28191.0
1694115424.545694,-2211.0,-27967.0
1694115424.5602584,-2157.0,-28024.0
1694115424.5745773,-2479.0,-28074.0
1694115424.590215,-2459.0,-27685.0
1694115424.605005,-2013.0,-27283.0
1694115424.6197526,-2649.0,-26720.0
1694115424.6344376,-2211.0,-26150.0
1694115424.6507368,-2293.0,-25882.0
1694115424.6657531,-2318.0,-24891.0
1694115424.6801672,-2430.0,-23973.0
1694115424.6957457,-2800.0,-22354.0
1694115424.710239,-2344.0,-20051.0
1694115424.7257504,-2353.0,-16368.0
1694115424.740239,-2315.0,-16559.0
1694115424.7557514,-2522.0,-26823.0
1694115424.770239,-2423.0,-24427.0
1694115424.7845924,-2503.0,-21721.0
1694115424.8001835,-2250.0,-20286.0
1694115424.8143198,-2210.0,-18547.0
1694115424.8293614,-2283.0,-17738.0
1694115424.844593,-2174.0,-16882.0
1694115424.8589501,-2090.0,-16778.0
1694115424.8738043,-2165.0,-16505.0
1694115424.88857,-2038.0,-16518.0
1694115424.903784,-1864.0,-16208.0
1694115424.918567,-2655.0,-16364.0
1694115424.9337125,-2921.0,-15574.0
1694115424.947766,-1783.0,-15611.0
1694115424.9611804,-2817.0,-15917.0
1694115424.9759,-2370.0,-15348.0
1694115424.9902306,-2482.0,-15201.0
1694115425.0043514,-3116.0,-15119.0
1694115425.0195801,-3471.0,-15227.0
1694115425.0335448,-4934.0,-15086.0
1694115425.0475352,-4353.0,-15254.0
1694115425.061468,-5422.0,-15181.0
1694115425.075456,-6576.0,-15045.0
1694115425.0894246,-9007.0,-15122.0
1694115425.103381,-7721.0,-15121.0
1694115425.117772,-3219.0,-15139.0
1694115425.131736,-3813.0,-15147.0
1694115425.1457262,-7593.0,-15127.0
1694115425.1594932,-9331.0,-15444.0
1694115425.1743226,-10943.0,-15328.0
1694115425.1885655,-11906.0,-15184.0
1694115425.2028463,-12502.0,-15144.0
1694115425.2170794,-12934.0,-15216.0
1694115425.2317026,-13114.0,-15216.0
1694115425.2463012,-13159.0,-15145.0
1694115425.261426,-13879.0,-15199.0
1694115425.2753816,-14304.0,-15221.0
1694115425.2893791,-14756.0,-15217.0
1694115425.3033068,-14734.0,-15275.0
1694115425.318298,-14772.0,-15196.0
1694115425.3322315,-14903.0,-15153.0
1694115425.3456876,-14995.0,-15184.0
1694115425.3596516,-15150.0,-15182.0
1694115425.373674,-15376.0,-15255.0
1694115425.3876412,-15071.0,-15190.0
1694115425.4015858,-15224.0,-15242.0
1694115425.4155333,-15362.0,-15207.0
1694115425.4295247,-15311.0,-15228.0
1694115425.4434907,-15236.0,-15229.0
1694115425.4574504,-15488.0,-15191.0
1694115425.471387,-15626.0,-15438.0
1694115425.485349,-15884.0,-15554.0
1694115425.499535,-15405.0,-15214.0
1694115425.513497,-15397.0,-15407.0
1694115425.5274892,-15388.0,-15361.0
1694115425.5413063,-15737.0,-15267.0
1694115425.555385,-15726.0,-15321.0
1694115425.5692482,-15423.0,-15371.0
1694115425.5831797,-15718.0,-15340.0
1694115425.59728,-16000.0,-15099.0
1694115425.6112907,-15773.0,-15239.0
1694115425.6253085,-15325.0,-15210.0
1694115425.639777,-15362.0,-15245.0
1694115425.6543128,-16472.0,-15921.0
1694115425.6687448,-16034.0,-15420.0
1694115425.6832604,-15327.0,-15401.0
1694115425.6972647,-15791.0,-15540.0
1694115425.712242,-14841.0,-15410.0
1694115425.7257311,-14379.0,-15789.0
1694115425.74047,-13716.0,-15518.0
1694115425.7543774,-13845.0,-15453.0
1694115425.7687533,-14161.0,-15425.0
1694115425.783131,-12324.0,-15432.0
1694115425.7974901,-11399.0,-15939.0
1694115425.8128078,-8912.0,-15338.0
1694115425.8267174,-6575.0,-15403.0
1694115425.84231,-3621.0,-15581.0
1694115425.8573554,-7451.0,-15332.0
1694115425.8723142,-10236.0,-15575.0
1694115425.887951,-8863.0,-15277.0
1694115425.902335,-7076.0,-15512.0
1694115425.916749,-5633.0,-15302.0
1694115425.9317203,-4677.0,-15342.0
1694115425.9464686,-5525.0,-15594.0
1694115425.9610288,-4340.0,-15981.0
1694115425.9757864,-4439.0,-15992.0
1694115425.9903111,-4213.0,-16386.0
1694115426.0053391,-3293.0,-17105.0
1694115426.0193503,-3188.0,-17582.0
1694115426.0344222,-3596.0,-17899.0
1694115426.0485823,-2420.0,-19713.0
1694115426.0627718,-2814.0,-20133.0
1694115426.0774028,-3299.0,-22021.0
1694115426.0922542,-2527.0,-23545.0
1694115426.1063333,-2307.0,-17248.0
1694115426.1223302,-2771.0,-14893.0
1694115426.136941,-2285.0,-18755.0
1694115426.1515663,-2327.0,-21374.0
1694115426.1661952,-2980.0,-22528.0
1694115426.1809611,-3028.0,-24473.0
1694115426.1958926,-2065.0,-25039.0
1694115426.210591,-3411.0,-25392.0
1694115426.2252343,-2996.0,-25880.0
1694115426.239527,-2598.0,-26139.0
1694115426.2541943,-3039.0,-26081.0
1694115426.268561,-2768.0,-26945.0
1694115426.2833788,-1900.0,-27792.0
1694115426.2972324,-3108.0,-28166.0
1694115426.312782,-3349.0,-27768.0
1694115426.3349109,-2123.0,-27819.0
1694115426.3483336,-2483.0,-28201.0
1694115426.3632479,-2942.0,-28322.0
1694115426.3774405,-2785.0,-28011.0
1694115426.3912435,-2755.0,-28147.0
1694115426.4057734,-2614.0,-28176.0
1694115426.421111,-2241.0,-28317.0
1694115426.435533,-2895.0,-28196.0
1694115426.4507523,-2482.0,-28361.0
1694115426.4659688,-2572.0,-28208.0
1694115426.4811423,-2743.0,-28348.0
1694115426.496619,-2451.0,-28401.0
1694115426.512031,-2398.0,-28262.0
1694115426.526939,-2279.0,-28227.0
1694115426.541897,-2807.0,-28447.0
1694115426.5569065,-3433.0,-28403.0
1694115426.5720594,-2329.0,-28513.0
1694115426.587009,-2310.0,-28515.0
1694115426.60164,-3235.0,-28362.0
1694115426.6169052,-2365.0,-28416.0
1694115426.6317782,-2990.0,-28481.0
1694115426.6459007,-2341.0,-28234.0
1694115426.6612992,-2539.0,-28087.0
1694115426.6757915,-2512.0,-28136.0
1694115426.691118,-2568.0,-27762.0
1694115426.7063298,-2947.0,-27736.0
1694115426.7213235,-2787.0,-27133.0
1694115426.7357628,-3935.0,-26394.0
1694115426.7513459,-2583.0,-26079.0
1694115426.766398,-2718.0,-25500.0
1694115426.7814445,-2961.0,-24309.0
1694115426.795764,-2870.0,-23510.0
1694115426.8104904,-2531.0,-21484.0
1694115426.8259916,-2638.0,-18582.0
1694115426.8411639,-3254.0,-15979.0
1694115426.855777,-2708.0,-21676.0
1694115426.8707626,-2707.0,-27258.0
1694115426.885713,-3215.0,-22959.0
1694115426.901344,-3337.0,-21348.0
1694115426.9158313,-2151.0,-19367.0
1694115426.9317968,-2966.0,-18368.0
1694115426.9458895,-3213.0,-17490.0
1694115426.9602857,-2592.0,-17314.0
1694115426.9757202,-2853.0,-17268.0
1694115426.9901989,-2373.0,-16904.0
1694115427.004349,-2072.0,-16693.0
1694115427.018791,-2502.0,-16347.0
1694115427.0337815,-2727.0,-16005.0
1694115427.0485866,-2802.0,-15756.0
1694115427.0623498,-2990.0,-15695.0
1694115427.0770373,-3897.0,-15457.0
1694115427.0922787,-3175.0,-15508.0
1694115427.106371,-3802.0,-15443.0
1694115427.1217618,-4185.0,-15438.0
1694115427.136185,-4544.0,-15295.0
1694115427.152327,-4450.0,-15295.0
1694115427.1677046,-5861.0,-15190.0
1694115427.1832478,-6900.0,-15231.0
1694115427.1985092,-9587.0,-15393.0
1694115427.2126517,-8982.0,-15405.0
1694115427.2273448,-3770.0,-15438.0
1694115427.2421358,-4280.0,-15256.0
1694115427.256778,-8145.0,-15294.0
1694115427.272465,-9878.0,-15484.0
1694115427.2865252,-11277.0,-15525.0
1694115427.3020406,-12392.0,-15554.0
1694115427.316677,-13373.0,-15451.0
1694115427.3324618,-13872.0,-15644.0
1694115427.346375,-13890.0,-15516.0
1694115427.3623693,-14129.0,-15523.0
1694115427.376964,-15105.0,-15313.0
1694115427.3923962,-15450.0,-15632.0
1694115427.4064202,-15147.0,-15381.0
1694115427.421452,-15362.0,-15364.0
1694115427.437105,-15974.0,-15349.0
1694115427.4517863,-15906.0,-15734.0
1694115427.4663806,-15896.0,-15327.0
1694115427.4807222,-15327.0,-15383.0
1694115427.4963717,-16224.0,-15708.0
1694115427.511402,-15354.0,-15402.0
1694115427.5256522,-15783.0,-15702.0
1694115427.5406058,-15618.0,-15666.0
1694115427.5547254,-16410.0,-15405.0
1694115427.5692363,-16869.0,-15592.0
1694115427.5835645,-15944.0,-15903.0
1694115427.5980303,-16349.0,-16037.0
1694115427.6122942,-16584.0,-15536.0
1694115427.626932,-15638.0,-15548.0
1694115427.641061,-15907.0,-15771.0
1694115427.656413,-16586.0,-15522.0
1694115427.6720452,-15437.0,-15797.0
1694115427.6860602,-16314.0,-15754.0
1694115427.7017918,-16984.0,-15436.0
1694115427.7162921,-15766.0,-15588.0
1694115427.7307274,-16068.0,-15692.0
1694115427.7456203,-16178.0,-15448.0
1694115427.7602556,-15731.0,-15748.0
1694115427.7744067,-15812.0,-15760.0
1694115427.7887669,-16336.0,-15560.0
1694115427.8026612,-15712.0,-15881.0
1694115427.818593,-15638.0,-15966.0
1694115427.8333287,-15524.0,-15565.0
1694115427.8485935,-14244.0,-15567.0
1694115427.8634152,-14046.0,-15647.0
1694115427.8785508,-14125.0,-15623.0
1694115427.893607,-12222.0,-15838.0
1694115427.9085958,-11131.0,-15608.0
1694115427.9234009,-9611.0,-15611.0
1694115427.93786,-6378.0,-15650.0
1694115427.9529276,-3690.0,-15673.0
1694115427.9679892,-8372.0,-15461.0
1694115427.9826183,-10792.0,-15410.0
1694115427.9969614,-8192.0,-15536.0
1694115428.012294,-7427.0,-15600.0
1694115428.0272858,-5784.0,-15637.0
1694115428.0417671,-5296.0,-15520.0
1694115428.05662,-5700.0,-15711.0
1694115428.072407,-4341.0,-16129.0
1694115428.0878828,-4748.0,-16773.0
1694115428.102404,-3906.0,-16686.0
1694115428.1179652,-3069.0,-17303.0
1694115428.133287,-4124.0,-17558.0
1694115428.1486037,-3697.0,-19205.0
1694115428.163406,-3015.0,-19975.0
1694115428.1779606,-3584.0,-20813.0
1694115428.1933033,-2468.0,-24026.0
1694115428.2081544,-3391.0,-20176.0
1694115428.222822,-2629.0,-14095.0
1694115428.2371423,-2735.0,-17466.0
1694115428.2510612,-3431.0,-20738.0
1694115428.265099,-2669.0,-22088.0
1694115428.27951,-2804.0,-23472.0
1694115428.2941911,-3146.0,-24982.0
1694115428.309789,-3761.0,-25620.0
1694115428.3244412,-2856.0,-25555.0
1694115428.3396077,-2664.0,-26023.0
1694115428.3544292,-2872.0,-25452.0
1694115428.368902,-3255.0,-26679.0
1694115428.3843296,-2910.0,-27380.0
1694115428.399094,-3290.0,-27768.0
1694115428.4146261,-2886.0,-28110.0
1694115428.4295528,-2782.0,-28080.0
1694115428.4441352,-2915.0,-28150.0
1694115428.4585974,-3588.0,-28230.0
1694115428.4741964,-2858.0,-28353.0
1694115428.4886148,-2917.0,-28271.0
1694115428.5041308,-2667.0,-28323.0
1694115428.518584,-2888.0,-28338.0
1694115428.53382,-2717.0,-28330.0
1694115428.5486133,-2793.0,-28481.0
1694115428.5631406,-2813.0,-28455.0
1694115428.5785508,-2780.0,-28508.0
1694115428.593305,-2631.0,-28441.0
1694115428.6085978,-2685.0,-28496.0
1694115428.6228278,-3293.0,-28560.0
1694115428.638588,-2660.0,-28587.0
1694115428.653813,-2858.0,-28531.0
1694115428.6683395,-3550.0,-28530.0
1694115428.68323,-2761.0,-28459.0
1694115428.6982965,-2887.0,-28668.0
1694115428.7124314,-3515.0,-28458.0
1694115428.7278183,-2866.0,-28417.0
1694115428.7424197,-2870.0,-28504.0
1694115428.7578459,-2913.0,-28399.0
1694115428.7732189,-2726.0,-28191.0
1694115428.7890244,-2924.0,-28135.0
1694115428.8044019,-2998.0,-27965.0
1694115428.819621,-3201.0,-27598.0
1694115428.8347893,-3113.0,-27053.0
1694115428.8507767,-3360.0,-26468.0
1694115428.8654754,-3087.0,-26259.0
1694115428.8809578,-3273.0,-25020.0
1694115428.8957727,-3300.0,-24083.0
1694115428.9113815,-3349.0,-22509.0
1694115428.925742,-3586.0,-20026.0
1694115428.9414523,-3703.0,-16409.0
1694115428.9556522,-3221.0,-18718.0
1694115428.9705334,-3214.0,-27942.0
1694115428.984429,-3332.0,-24702.0
1694115428.9986815,-3422.0,-22464.0
1694115429.0129755,-3380.0,-20723.0
1694115429.0270882,-2864.0,-19171.0
1694115429.042148,-3567.0,-18469.0
1694115429.05714,-3620.0,-17326.0
1694115429.0720701,-2834.0,-17252.0
1694115429.0866437,-3502.0,-17028.0
1694115429.100778,-3098.0,-17000.0
1694115429.1164594,-2765.0,-16745.0
1694115429.1320627,-2774.0,-16253.0
1694115429.1479175,-3051.0,-16206.0
1694115429.1634758,-3256.0,-15800.0
1694115429.178925,-3615.0,-15788.0
1694115429.1936507,-3238.0,-15804.0
1694115429.2090054,-3967.0,-15524.0
1694115429.2243211,-4191.0,-15542.0
1694115429.2387671,-4239.0,-15493.0
1694115429.2542443,-4723.0,-15482.0
1694115429.2687788,-5951.0,-15405.0
1694115429.28362,-6929.0,-15505.0
1694115429.2996335,-8927.0,-15536.0
1694115429.3143077,-9718.0,-15532.0
1694115429.3286254,-4532.0,-15529.0
1694115429.343307,-4249.0,-15520.0
1694115429.3579092,-7839.0,-15472.0
1694115429.3722563,-10074.0,-15638.0
1694115429.3860698,-11565.0,-15532.0
1694115429.40033,-12771.0,-15518.0
1694115429.4143727,-13535.0,-15513.0
1694115429.4285095,-13641.0,-15501.0
1694115429.4434571,-13885.0,-15508.0
1694115429.4658759,-14959.0,-15513.0
1694115429.4813013,-15306.0,-15494.0
1694115429.4957843,-15598.0,-15515.0
1694115429.5114422,-15622.0,-15545.0
1694115429.5257509,-15448.0,-15531.0
1694115429.5404215,-15882.0,-15555.0
1694115429.555964,-15824.0,-15575.0
1694115429.5709505,-15776.0,-15501.0
1694115429.58556,-15900.0,-15611.0
1694115429.5994084,-15941.0,-15594.0
1694115429.6137352,-16007.0,-15512.0
1694115429.6277874,-15941.0,-15556.0
1694115429.6415753,-16119.0,-15515.0
1694115429.6551924,-16147.0,-15543.0
1694115429.6693335,-16089.0,-15606.0
1694115429.6833446,-16153.0,-15525.0
1694115429.6972742,-16238.0,-15555.0
1694115429.7111433,-16291.0,-15596.0
1694115429.725366,-16281.0,-15619.0
1694115429.739187,-16255.0,-15606.0
1694115429.7537029,-16294.0,-15629.0
1694115429.7678034,-16326.0,-15701.0
1694115429.781365,-16267.0,-15498.0
1694115429.7961822,-16317.0,-15445.0
1694115429.8104994,-16379.0,-15468.0
1694115429.8234837,-16205.0,-15606.0
1694115429.8382328,-16252.0,-15689.0
1694115429.8525636,-16319.0,-15899.0
1694115429.866136,-16168.0,-15943.0
1694115429.8802035,-16225.0,-15937.0
1694115429.8946488,-16121.0,-15900.0
1694115429.9092627,-15960.0,-15923.0
1694115429.9232125,-15688.0,-15970.0
1694115429.9381711,-15156.0,-15890.0
1694115429.9523988,-14810.0,-16015.0
1694115429.9659843,-14499.0,-15872.0
1694115429.9803176,-14074.0,-16026.0
1694115429.9952483,-12650.0,-15960.0
1694115430.0096245,-11127.0,-15828.0
1694115430.0241957,-10375.0,-16011.0
1694115430.037909,-7174.0,-15899.0
1694115430.0531037,-4787.0,-16227.0
1694115430.0685675,-8104.0,-15837.0
1694115430.0833042,-11580.0,-15710.0
1694115430.098601,-9004.0,-15782.0
1694115430.1136358,-7646.0,-15806.0
1694115430.1285598,-6558.0,-15718.0
1694115430.143616,-6197.0,-15980.0
1694115430.1586204,-5584.0,-16134.0
1694115430.1726665,-5029.0,-16600.0
1694115430.1874397,-4545.0,-16737.0
1694115430.202803,-4465.0,-17062.0
1694115430.2178354,-3952.0,-17704.0
1694115430.2328174,-3675.0,-18261.0
1694115430.2467716,-3863.0,-19680.0
1694115430.2613032,-3279.0,-19952.0
1694115430.2759132,-4039.0,-22492.0
1694115430.2909336,-3499.0,-23963.0
1694115430.3061485,-3206.0,-17412.0
1694115430.3208396,-4001.0,-14956.0
1694115430.3359194,-3114.0,-18702.0
1694115430.3507657,-3136.0,-21503.0
1694115430.36601,-3509.0,-22827.0
1694115430.381324,-3135.0,-24504.0
1694115430.3969264,-3181.0,-25294.0
1694115430.4121869,-3221.0,-25568.0
1694115430.427561,-3167.0,-26180.0
1694115430.4432526,-3212.0,-25426.0
1694115430.4579425,-3523.0,-26333.0
1694115430.4724822,-3502.0,-27450.0
1694115430.4873595,-3331.0,-27851.0
1694115430.5024033,-3460.0,-27957.0
1694115430.5168593,-3328.0,-28122.0
1694115430.5323124,-3308.0,-28238.0
1694115430.5465286,-3263.0,-28430.0
1694115430.56216,-3232.0,-28365.0
1694115430.5768185,-3422.0,-28373.0
1694115430.5905838,-3179.0,-28440.0
1694115430.6058276,-3642.0,-28461.0
1694115430.6202843,-3156.0,-28686.0
1694115430.635792,-3094.0,-28599.0
1694115430.6502335,-3047.0,-28653.0
1694115430.6651158,-3094.0,-28631.0
1694115430.6796768,-3032.0,-28680.0
1694115430.6946769,-3264.0,-28722.0
1694115430.7096324,-3193.0,-28636.0
1694115430.7243783,-2992.0,-28806.0
1694115430.7387986,-3129.0,-28756.0
1694115430.753063,-3210.0,-28769.0
1694115430.7674453,-3672.0,-28738.0
1694115430.781313,-2692.0,-28902.0
1694115430.7959232,-3186.0,-28731.0
1694115430.811366,-3889.0,-28593.0
1694115430.8256395,-3628.0,-28869.0
1694115430.840241,-3324.0,-28889.0
1694115430.855415,-3051.0,-28522.0
1694115430.8702567,-3125.0,-28418.0
1694115430.8857956,-3518.0,-28469.0
1694115430.9001486,-3845.0,-28025.0
1694115430.915783,-3269.0,-27756.0
1694115430.9306984,-3882.0,-27276.0
1694115430.9445777,-3227.0,-26680.0
1694115430.9602342,-3442.0,-26167.0
1694115430.975232,-3546.0,-25215.0
1694115430.989195,-3654.0,-24231.0
1694115431.003524,-3389.0,-22692.0
1694115431.0186021,-3364.0,-20558.0
1694115431.032642,-3688.0,-16863.0
1694115431.0469577,-4566.0,-17524.0
1694115431.0614352,-2971.0,-26796.0
1694115431.0759306,-4067.0,-26062.0
1694115431.0919182,-3296.0,-22652.0
1694115431.1070218,-3308.0,-21307.0
1694115431.1219392,-3310.0,-19422.0
1694115431.1359282,-3426.0,-18370.0
1694115431.1513855,-3304.0,-17573.0
1694115431.1657908,-3645.0,-17367.0
1694115431.180657,-2931.0,-17074.0
1694115431.1957486,-3557.0,-17533.0
1694115431.210458,-3177.0,-16739.0
1694115431.2260342,-3020.0,-16371.0
1694115431.240161,-3293.0,-16385.0
1694115431.2553937,-3132.0,-16060.0
1694115431.2698047,-3264.0,-15905.0
1694115431.2853107,-3564.0,-16013.0
1694115431.3007987,-4409.0,-15679.0
1694115431.3155048,-4178.0,-16103.0
1694115431.330204,-4767.0,-15889.0
1694115431.344949,-5005.0,-15682.0
1694115431.3601847,-5484.0,-15651.0
1694115431.3756588,-7366.0,-15585.0
1694115431.3902397,-8258.0,-15663.0
1694115431.4050188,-10668.0,-15661.0
1694115431.4202294,-6572.0,-15753.0
1694115431.435292,-3951.0,-15686.0
1694115431.4490771,-7209.0,-15796.0
1694115431.4642038,-9885.0,-15786.0
1694115431.478759,-11865.0,-15756.0
1694115431.4942136,-12659.0,-15745.0
1694115431.5087895,-13560.0,-15708.0
1694115431.5244224,-13966.0,-15636.0
1694115431.5386224,-14029.0,-15627.0
1694115431.5533938,-14749.0,-15646.0
1694115431.568996,-15303.0,-15725.0
1694115431.5837388,-15354.0,-15695.0
1694115431.5991304,-15814.0,-15704.0
1694115431.614156,-15851.0,-15842.0
1694115431.6296523,-15802.0,-15707.0
1694115431.6448572,-16170.0,-15678.0
1694115431.6587946,-16246.0,-15718.0
1694115431.6744566,-16355.0,-15769.0
1694115431.68869,-16312.0,-15637.0
1694115431.7035866,-16209.0,-15925.0
1694115431.7186253,-16218.0,-15778.0
1694115431.7339516,-16487.0,-15670.0
1694115431.748752,-16401.0,-15795.0
1694115431.7638574,-16652.0,-15750.0
1694115431.7786264,-16430.0,-15725.0
1694115431.7942643,-16425.0,-15773.0
1694115431.808574,-16404.0,-15725.0
1694115431.8235433,-17011.0,-15784.0
1694115431.8386276,-16405.0,-15767.0
1694115431.8531606,-16955.0,-15890.0
1694115431.8686285,-16839.0,-15976.0
1694115431.882757,-16461.0,-16020.0
1694115431.8985853,-16470.0,-15585.0
1694115431.9134126,-16769.0,-15769.0
1694115431.9279392,-16569.0,-15853.0
1694115431.9431698,-16565.0,-15871.0
1694115431.9583955,-16989.0,-16016.0
1694115431.9724774,-16815.0,-16285.0
1694115431.9873621,-16274.0,-16186.0
1694115432.0016124,-16485.0,-16253.0
1694115432.0155938,-15666.0,-16301.0
1694115432.0301933,-15081.0,-16140.0
1694115432.0442402,-14890.0,-16078.0
1694115432.0586457,-14808.0,-16012.0
1694115432.073748,-14321.0,-16062.0
1694115432.0886261,-12720.0,-16045.0
1694115432.1037993,-10715.0,-16030.0
1694115432.1186306,-9052.0,-15999.0
1694115432.133955,-6446.0,-15935.0
1694115432.1479454,-4600.0,-15964.0
1694115432.1631699,-10568.0,-16058.0
1694115432.178861,-10802.0,-15889.0
1694115432.19428,-8554.0,-15848.0
1694115432.2097094,-7496.0,-15787.0
1694115432.2245057,-6180.0,-15825.0
1694115432.239854,-5581.0,-15979.0
1694115432.2542546,-5271.0,-16163.0
1694115432.2692487,-5135.0,-16371.0
1694115432.2829943,-4758.0,-16932.0
1694115432.297077,-4324.0,-17426.0
1694115432.3112497,-4064.0,-17704.0
1694115432.325786,-3784.0,-18640.0
1694115432.3403063,-3807.0,-20227.0
1694115432.3543818,-3615.0,-20477.0
1694115432.37033,-3952.0,-23640.0
1694115432.3843899,-3747.0,-22364.0
1694115432.3999894,-3890.0,-14799.0
1694115432.414463,-4114.0,-16556.0
1694115432.4297154,-3335.0,-20165.0
1694115432.4447098,-3981.0,-22131.0
1694115432.4587843,-3261.0,-23869.0
1694115432.474215,-3411.0,-25518.0
1694115432.4887993,-3277.0,-25617.0
1694115432.503878,-3070.0,-25901.0
1694115432.5186195,-4126.0,-26699.0
1694115432.5343769,-3450.0,-25661.0
1694115432.556463,-3432.0,-27582.0
1694115432.5718236,-3381.0,-28037.0
1694115432.5863318,-3652.0,-28240.0
1694115432.6008148,-3772.0,-28362.0
1694115432.6163995,-3707.0,-28706.0
1694115432.6323364,-3466.0,-28688.0
1694115432.6468616,-3659.0,-28678.0
1694115432.6624432,-3833.0,-28891.0
1694115432.67701,-3554.0,-28669.0
1694115432.692614,-3634.0,-28714.0
1694115432.707499,-3872.0,-29036.0
1694115432.7227292,-3820.0,-28817.0
1694115432.7366843,-3068.0,-29022.0
1694115432.751789,-3320.0,-28814.0
1694115432.7660415,-3605.0,-28820.0
1694115432.7813292,-3314.0,-28941.0
1694115432.795945,-3338.0,-28874.0
1694115432.8114822,-3908.0,-28885.0
1694115432.825836,-3422.0,-28998.0
1694115432.840289,-3623.0,-28981.0
1694115432.8554344,-3691.0,-28830.0
1694115432.8703249,-3476.0,-29087.0
1694115432.885754,-3427.0,-28903.0
1694115432.9002826,-3620.0,-28783.0
1694115432.9157648,-3582.0,-28891.0
1694115432.9309363,-3739.0,-28785.0
1694115432.9451733,-4018.0,-28578.0
1694115432.9597359,-3635.0,-28674.0
1694115432.9748125,-3858.0,-28428.0
1694115432.9898145,-4094.0,-28112.0
1694115433.004342,-3801.0,-27469.0
1694115433.0188012,-3985.0,-27237.0
1694115433.0328395,-3785.0,-26892.0
1694115433.0471587,-4313.0,-26166.0
1694115433.061443,-3893.0,-25160.0
1694115433.075953,-3945.0,-23867.0
1694115433.0914633,-3603.0,-22532.0
1694115433.1053193,-3736.0,-18952.0
1694115433.120324,-3727.0,-16276.0
1694115433.1356544,-4069.0,-21421.0
1694115433.1503303,-3672.0,-28124.0
1694115433.1646106,-3921.0,-23740.0
1694115433.1798003,-3647.0,-22192.0
1694115433.1942835,-3664.0,-20460.0
1694115433.209423,-3564.0,-19108.0
1694115433.2243538,-3769.0,-18213.0
1694115433.2396486,-3590.0,-17580.0
1694115433.2548566,-3995.0,-17297.0
1694115433.2687922,-3530.0,-17401.0
1694115433.2844248,-3446.0,-17154.0
1694115433.298629,-3357.0,-16660.0
1694115433.313289,-3400.0,-16701.0
1694115433.3288615,-3130.0,-16341.0
1694115433.3428774,-3406.0,-16168.0
1694115433.3586419,-3792.0,-16002.0
1694115433.3726928,-3883.0,-15878.0
1694115433.3873272,-4266.0,-15849.0
1694115433.401929,-4756.0,-15845.0
1694115433.416759,-4974.0,-15939.0
1694115433.431705,-5284.0,-15756.0
1694115433.4466636,-6518.0,-15791.0
1694115433.4612584,-7499.0,-15730.0
1694115433.475935,-8957.0,-15935.0
1694115433.4911246,-10846.0,-15855.0
1694115433.5061789,-6134.0,-15991.0
1694115433.5218308,-4091.0,-15877.0
1694115433.536512,-7710.0,-15866.0
1694115433.5514998,-10701.0,-15893.0
1694115433.5657759,-12809.0,-16138.0
1694115433.580702,-13226.0,-15913.0
1694115433.5953362,-13970.0,-15883.0
1694115433.610309,-14545.0,-15884.0
1694115433.6256943,-14486.0,-15908.0
1694115433.639866,-15131.0,-15994.0
1694115433.6549249,-15322.0,-15879.0
1694115433.670368,-15647.0,-15943.0
1694115433.68487,-16133.0,-15992.0
1694115433.6992033,-16229.0,-15940.0
1694115433.7148597,-16277.0,-15914.0
1694115433.7295258,-16413.0,-16216.0
1694115433.7436619,-16566.0,-15877.0
1694115433.757963,-16973.0,-15963.0
1694115433.7715607,-16720.0,-16244.0
1694115433.785956,-16303.0,-15909.0
1694115433.8008142,-16467.0,-15975.0
1694115433.8149178,-16544.0,-15896.0
1694115433.8302023,-16927.0,-15983.0
1694115433.8444104,-16778.0,-15878.0
1694115433.8588283,-16829.0,-15993.0
1694115433.873453,-16759.0,-15937.0
1694115433.8886218,-16873.0,-15967.0
1694115433.9026835,-16633.0,-16072.0
1694115433.917385,-16915.0,-16083.0
1694115433.9318295,-16989.0,-16053.0
1694115433.9465322,-16833.0,-16057.0
1694115433.962192,-16910.0,-15907.0
1694115433.976385,-16845.0,-15926.0
1694115433.9918118,-17045.0,-15917.0
1694115434.0068357,-16916.0,-16028.0
1694115434.0217733,-17119.0,-16154.0
1694115434.0369232,-16909.0,-16282.0
1694115434.0524457,-16773.0,-16420.0
1694115434.0679502,-16673.0,-16432.0
1694115434.0831966,-16509.0,-16451.0
1694115434.098122,-15984.0,-16368.0
1694115434.1123567,-15461.0,-16334.0
1694115434.1270618,-15125.0,-16222.0
1694115434.1421955,-15115.0,-16383.0
1694115434.1564736,-14302.0,-16296.0
1694115434.1710923,-12678.0,-16373.0
1694115434.1859612,-10937.0,-16244.0
1694115434.200613,-9307.0,-16302.0
1694115434.2154684,-5897.0,-16513.0
1694115434.230239,-5725.0,-16300.0
1694115434.2458344,-11758.0,-16089.0
1694115434.2603192,-10621.0,-16026.0
1694115434.2748058,-8799.0,-15971.0
1694115434.2885847,-7654.0,-16006.0
1694115434.3026705,-7300.0,-16161.0
1694115434.3169885,-6318.0,-16658.0
1694115434.3312814,-5531.0,-16542.0
1694115434.3459563,-5408.0,-16830.0
1694115434.36086,-5099.0,-17316.0
1694115434.3758335,-4751.0,-17818.0
1694115434.3908026,-4461.0,-18273.0
1694115434.404792,-4198.0,-19752.0
1694115434.4189968,-4058.0,-20410.0
1694115434.4337418,-3861.0,-21683.0
1694115434.4481065,-3908.0,-24481.0
1694115434.4613678,-3835.0,-19755.0
1694115434.4760044,-3789.0,-14523.0
1694115434.4903738,-3799.0,-17612.0
1694115434.5044239,-3712.0,-20560.0
1694115434.5189946,-3787.0,-22547.0
1694115434.5333035,-4075.0,-24213.0
1694115434.5490525,-3618.0,-25562.0
1694115434.5641925,-3786.0,-25900.0
1694115434.5796905,-3901.0,-26178.0
1694115434.595344,-3809.0,-26621.0
1694115434.610823,-3711.0,-26139.0
1694115434.6255279,-3996.0,-27503.0
1694115434.6414428,-4268.0,-28136.0
1694115434.656434,-4157.0,-28262.0
1694115434.6715775,-3786.0,-28583.0
1694115434.6867332,-3921.0,-28630.0
1694115434.7005951,-3876.0,-28819.0
1694115434.7157197,-3741.0,-28742.0
1694115434.7309775,-3911.0,-28795.0
1694115434.7455316,-3895.0,-28790.0
1694115434.760305,-3593.0,-29021.0
1694115434.77583,-4181.0,-29202.0
1694115434.7903068,-3912.0,-29029.0
1694115434.8052142,-3903.0,-28958.0
1694115434.8203213,-3899.0,-29056.0
1694115434.8347247,-3729.0,-29059.0
1694115434.8503122,-3361.0,-29117.0
1694115434.8644714,-3591.0,-29045.0
1694115434.879938,-3744.0,-29128.0
1694115434.894505,-3693.0,-29312.0
1694115434.9091933,-4180.0,-29572.0
1694115434.9234405,-3876.0,-29180.0
1694115434.939172,-3557.0,-29392.0
1694115434.9534626,-3468.0,-29286.0
1694115434.9696698,-3962.0,-29216.0
1694115434.9848504,-3934.0,-29091.0
1694115434.998824,-4766.0,-28909.0
1694115435.013714,-4064.0,-29224.0
1694115435.0286708,-4059.0,-28757.0
1694115435.0432522,-4503.0,-28604.0
1694115435.0586329,-3975.0,-28501.0
1694115435.0723763,-3776.0,-28413.0
1694115435.086995,-3904.0,-27710.0
1694115435.1021097,-3784.0,-27067.0
1694115435.1159608,-3875.0,-26700.0
1694115435.1304617,-3936.0,-25568.0
1694115435.1458168,-4042.0,-24753.0
1694115435.1604044,-3988.0,-23267.0
1694115435.1744547,-4056.0,-21344.0
1694115435.1888328,-4031.0,-17705.0
1694115435.2029574,-3836.0,-17006.0
1694115435.2171257,-4241.0,-25590.0
1694115435.2313864,-4274.0,-27209.0
1694115435.245819,-4451.0,-23353.0
1694115435.2604148,-3804.0,-22253.0
1694115435.2758346,-4191.0,-20644.0
1694115435.2902815,-4390.0,-18983.0
1694115435.3059506,-3756.0,-18093.0
1694115435.3202753,-4168.0,-18097.0
1694115435.3347518,-4727.0,-17537.0
1694115435.3503222,-3441.0,-17752.0
1694115435.365281,-3345.0,-17512.0
1694115435.3794713,-4019.0,-16842.0
1694115435.394521,-4006.0,-16734.0
1694115435.409479,-4117.0,-16526.0
1694115435.4237916,-4535.0,-16306.0
1694115435.4390793,-4090.0,-16098.0
1694115435.45446,-4324.0,-16082.0
1694115435.4696472,-5090.0,-15966.0
1694115435.484532,-5199.0,-15982.0
1694115435.499836,-5524.0,-15975.0
1694115435.5151772,-6336.0,-15921.0
1694115435.5307813,-7706.0,-15980.0
1694115435.5455625,-9254.0,-16008.0
1694115435.5603192,-11033.0,-15985.0
1694115435.5746956,-6336.0,-16007.0
1694115435.5902839,-4311.0,-16003.0
1694115435.6049287,-7763.0,-15993.0
1694115435.6203103,-10430.0,-15996.0
1694115435.6348252,-12286.0,-15990.0
1694115435.6572304,-13542.0,-16052.0
1694115435.6711936,-14499.0,-16297.0
1694115435.685187,-14564.0,-16169.0
1694115435.699146,-14704.0,-16002.0
1694115435.7130811,-15252.0,-16119.0
1694115435.7280412,-15640.0,-16013.0
1694115435.7420037,-16101.0,-15972.0
1694115435.7561023,-16419.0,-15992.0
1694115435.7701926,-16363.0,-16000.0
1694115435.7843857,-16524.0,-16045.0
1694115435.7981632,-16639.0,-16037.0
1694115435.8124645,-16613.0,-16020.0
1694115435.82697,-16583.0,-16008.0
1694115435.8410456,-16933.0,-16079.0
1694115435.8564665,-17070.0,-16046.0
1694115435.8707757,-16772.0,-16102.0
1694115435.8857358,-16997.0,-16212.0
1694115435.8997295,-16854.0,-16034.0
1694115435.913659,-16816.0,-16044.0
1694115435.9276218,-17349.0,-16146.0
1694115435.9415863,-17219.0,-16412.0
1694115435.9555767,-17255.0,-16082.0
1694115435.9695098,-16782.0,-16277.0
1694115435.9843516,-17118.0,-16228.0
1694115435.9974973,-17349.0,-16163.0
1694115436.011494,-17766.0,-16139.0
1694115436.0254235,-17080.0,-16217.0
1694115436.0394142,-16933.0,-16251.0
1694115436.053348,-17365.0,-16002.0
1694115436.067344,-17067.0,-16110.0
1694115436.081875,-17125.0,-16192.0
1694115436.0951424,-17087.0,-16206.0
1694115436.109135,-16947.0,-16293.0
1694115436.1230974,-17018.0,-16464.0
1694115436.137062,-17023.0,-16472.0
1694115436.1510262,-16783.0,-16600.0
1694115436.165944,-16475.0,-16400.0
1694115436.1795259,-16221.0,-16448.0
1694115436.1935215,-15717.0,-16552.0
1694115436.2074564,-15268.0,-16496.0
1694115436.2214208,-14915.0,-16375.0
1694115436.2360144,-13951.0,-16432.0
1694115436.250062,-12127.0,-16349.0
1694115436.2644947,-10433.0,-16316.0
1694115436.278604,-8259.0,-16365.0
1694115436.2932029,-5242.0,-16292.0
1694115436.3083134,-7635.0,-16205.0
1694115436.3228762,-12471.0,-16186.0
1694115436.3381228,-10269.0,-16179.0
1694115436.352995,-8592.0,-16116.0
1694115436.3679686,-7432.0,-16155.0
1694115436.3824031,-6438.0,-16536.0
1694115436.3975077,-5783.0,-16596.0
1694115436.4124308,-5856.0,-16708.0
1694115436.427979,-5638.0,-17105.0
1694115436.4434445,-5384.0,-17603.0
1694115436.4590693,-4920.0,-18034.0
1694115436.4736965,-4483.0,-19124.0
1694115436.4886608,-4130.0,-20580.0
1694115436.5038383,-4028.0,-20752.0
1694115436.5186596,-4556.0,-24080.0
1694115436.5332403,-4097.0,-22484.0
1694115436.5475981,-4089.0,-15012.0
1694115436.5625477,-4142.0,-17008.0
1694115436.5780346,-4055.0,-20389.0
1694115436.5923781,-3985.0,-22533.0
1694115436.6067832,-4259.0,-24186.0
1694115436.6221306,-3991.0,-25531.0
1694115436.6361327,-3944.0,-25845.0
1694115436.6518629,-3900.0,-26108.0
1694115436.6659687,-4319.0,-26526.0
1694115436.6817493,-3963.0,-25847.0
1694115436.695842,-4171.0,-27264.0
1694115436.7113326,-4124.0,-28037.0
1694115436.7258782,-4113.0,-28348.0
1694115436.741257,-4124.0,-28528.0
1694115436.7556558,-4152.0,-28628.0
1694115436.7708414,-4052.0,-28741.0
1694115436.7863066,-4138.0,-28764.0
1694115436.8004708,-4259.0,-28844.0
1694115436.8158047,-3875.0,-28965.0
1694115436.8303418,-4030.0,-28928.0
1694115436.8458447,-4161.0,-28940.0
1694115436.8602798,-4011.0,-28966.0
1694115436.875551,-3896.0,-29021.0
1694115436.8902948,-3916.0,-29265.0
1694115436.904899,-4057.0,-29182.0
1694115436.9202704,-3955.0,-29241.0
1694115436.9346979,-3886.0,-29147.0
1694115436.949243,-4213.0,-29125.0
1694115436.9648955,-4176.0,-29289.0
1694115436.9788065,-4375.0,-29263.0
1694115436.9935985,-4062.0,-29281.0
1694115437.0086155,-4495.0,-29157.0
1694115437.0238318,-4227.0,-29199.0
1694115437.0377302,-3758.0,-29250.0
1694115437.0519874,-4130.0,-29014.0
1694115437.0660162,-4055.0,-29029.0
1694115437.0803611,-4002.0,-29062.0
1694115437.0945165,-4001.0,-29043.0
1694115437.1087534,-4072.0,-28929.0
1694115437.123726,-4024.0,-28746.0
1694115437.1386657,-4223.0,-28378.0
1694115437.1543102,-4083.0,-27930.0
1694115437.168682,-4497.0,-27120.0
1694115437.184129,-3697.0,-26905.0
1694115437.1986563,-3912.0,-25994.0
1694115437.213719,-4469.0,-24943.0
1694115437.2286158,-4310.0,-23504.0
1694115437.2438679,-4183.0,-21667.0
1694115437.258666,-4341.0,-18256.0
1694115437.2724795,-4196.0,-16712.0
1694115437.28763,-4153.0,-24690.0
1694115437.3034704,-4549.0,-26994.0
1694115437.3190715,-4605.0,-23393.0
1694115437.3345308,-4382.0,-21975.0
1694115437.3496952,-4065.0,-20093.0
1694115437.3642166,-4048.0,-18994.0
1694115437.3788016,-4090.0,-18192.0
1694115437.393602,-4135.0,-18024.0
1694115437.4086478,-4190.0,-17833.0
1694115437.423606,-3919.0,-17716.0
1694115437.4386635,-3815.0,-17586.0
1694115437.4537098,-4115.0,-17348.0
1694115437.4686697,-3794.0,-16703.0
1694115437.4834154,-3800.0,-16541.0
1694115437.4986668,-4152.0,-16353.0
1694115437.5133822,-4183.0,-16252.0
1694115437.5280683,-4804.0,-16478.0
1694115437.5429142,-5141.0,-16197.0
1694115437.556823,-5553.0,-16281.0
1694115437.5714622,-5785.0,-16266.0
1694115437.586537,-5883.0,-16344.0
1694115437.6020052,-7231.0,-16226.0
1694115437.6159754,-8352.0,-16250.0
1694115437.6317554,-11151.0,-16311.0
1694115437.645786,-9292.0,-16242.0
1694115437.6609,-4677.0,-16387.0
1694115437.6755543,-6285.0,-16487.0
1694115437.6908388,-9350.0,-16108.0
1694115437.705735,-11226.0,-16098.0
1694115437.7203715,-12821.0,-16145.0
1694115437.7358487,-13991.0,-16140.0
1694115437.7507422,-14395.0,-16139.0
1694115437.76585,-14815.0,-16069.0
1694115437.7808628,-14956.0,-16078.0
1694115437.795851,-15355.0,-16109.0
1694115437.8103352,-15899.0,-16114.0
1694115437.8258512,-16274.0,-16127.0
1694115437.8403628,-16389.0,-16224.0
1694115437.8554296,-16518.0,-16123.0
1694115437.8703668,-16689.0,-16136.0
1694115437.8850076,-16769.0,-16160.0
1694115437.899931,-16896.0,-16103.0
1694115437.9144826,-16754.0,-16162.0
1694115437.9286406,-17006.0,-16238.0
1694115437.9428203,-17116.0,-16064.0
1694115437.9569287,-17296.0,-16106.0
1694115437.9713058,-16987.0,-16413.0
1694115437.9859111,-17501.0,-16151.0
1694115438.000341,-17259.0,-16092.0
1694115438.0154593,-17206.0,-16166.0
1694115438.0302439,-17438.0,-16301.0
1694115438.0452425,-17271.0,-16169.0
1694115438.059379,-17197.0,-16180.0
1694115438.0736651,-17318.0,-16310.0
1694115438.0879638,-17354.0,-16258.0
1694115438.102482,-17340.0,-16454.0
1694115438.1165483,-17415.0,-16202.0
1694115438.1318061,-17377.0,-16294.0
1694115438.146381,-17627.0,-16313.0
1694115438.16084,-16956.0,-16415.0
1694115438.1764562,-17786.0,-16238.0
1694115438.1905482,-17882.0,-16492.0
1694115438.2060053,-17285.0,-16796.0
1694115438.2203534,-16999.0,-16600.0
1694115438.2358527,-16819.0,-16479.0
1694115438.2503378,-16686.0,-16874.0
1694115438.2658603,-16616.0,-16950.0
1694115438.2799668,-16033.0,-16521.0
1694115438.2946424,-15520.0,-16632.0
1694115438.3088343,-15029.0,-16831.0
1694115438.324088,-12706.0,-16514.0
1694115438.3386834,-11106.0,-16501.0
1694115438.3543146,-9337.0,-16482.0
1694115438.3686783,-6433.0,-16414.0
1694115438.3838935,-6402.0,-16375.0
1694115438.398679,-12276.0,-16324.0
1694115438.413311,-11338.0,-16351.0
1694115438.4287586,-9185.0,-16459.0
1694115438.4435105,-7676.0,-16243.0
1694115438.4584324,-6838.0,-16396.0
1694115438.4734862,-6338.0,-16494.0
1694115438.4890513,-5900.0,-16750.0
1694115438.5035517,-5593.0,-16817.0
1694115438.5196905,-5228.0,-17397.0
1694115438.534418,-5655.0,-17899.0
1694115438.5486834,-4351.0,-18441.0
1694115438.5642264,-4568.0,-19465.0
1694115438.5786314,-4598.0,-20744.0
1694115438.5933888,-4139.0,-21236.0
1694115438.6086798,-4521.0,-24822.0
1694115438.622564,-4097.0,-21178.0
1694115438.63748,-4070.0,-14834.0
1694115438.6524718,-4281.0,-17673.0
1694115438.667182,-3921.0,-20863.0
1694115438.682387,-3954.0,-23120.0
1694115438.6968517,-4099.0,-24580.0
1694115438.7122529,-4085.0,-25838.0
1694115438.7347536,-3777.0,-26216.0
1694115438.7488463,-3814.0,-26949.0
1694115438.7641437,-4278.0,-26588.0
1694115438.7787952,-3800.0,-26784.0
1694115438.7942731,-3963.0,-28056.0
1694115438.8086286,-4212.0,-28522.0
1694115438.823391,-4236.0,-28571.0
1694115438.838629,-4015.0,-28699.0
